Date of Application,Legal Name,Trade Name 2,App NO,Registration Number,Type of PIBO,Application Status
2022-03-23T18:51:34,PRV CONSUMER PRIVATE LIMITED,PRV CONSUMER PRIVATE LIMITED,4,20220323064,Brand Owner,In Progress
2022-05-27T12:37:36,Clues Network Private Limited,Clues Network Private Limited,1010,20220527061010,Brand Owner,In Progress
2022-03-24T19:46:21,ASCLEPIUS WELLNESS PRIVATE LIMITED,ASCLEPIUS WELLNESS PRIVATE LIMITED,15,202203240615,Brand Owner,In Progress
2022-04-04T12:59:18,Instakart Services Private Limited,Instakart Services Private Limited,54,202204040654,Brand Owner,In Progress
2022-04-22T15:37:23,Dalmia Cement Bharat Limited,Dalmia Cement Bharat Limited,295,2022042206295,Brand Owner,In Progress
2022-04-22T16:14:01,Adrak beverages,Adrak beverages,297,2022042206297,Brand Owner,In Progress
2022-04-12T14:25:09,Mozammil,Mozammil,131,2022041206131,Brand Owner,In Progress
2022-08-01T16:59:35,Saahas Zero Waste Private Limited,Saahas Zero Waste Private Limited,30,202208010630,Brand Owner,In Progress
2022-05-27T13:08:39,XYZ Private Limited,XYZ Private Limited,1023,20220527061023,Brand Owner,In Progress
2022-03-31T11:36:19,Hiveloop Technology Private Limited,Hiveloop Technology Private Limited,27,202203310627,Brand Owner,In Progress
2022-08-06T14:58:06,Graphic A Production and Sons,Graphic A Production and Sons,21,202208060621,Brand Owner,In Progress
2022-03-31T12:57:16,PALMY FOOD PRODUCTS PRIVATE LIMITED,PALMY FOOD PRODUCTS PRIVATE LIMITED,29,202203310629,Brand Owner,In Progress
2022-03-31T16:05:56,Chanakya Bakery Products Pvt Ltd,Chanakya Bakery Products Pvt Ltd,35,202203310635,Brand Owner,In Progress
2022-05-13T15:20:54,LENSKART SOLUTIONS PRIVATE LIMITED,LENSKART SOLUTIONS PRIVATE LIMITED,682,2022051306682,Brand Owner,In Progress
2022-07-27T13:08:54,GROZ ENGINEERING TOOLS PRIVATE LIMITED,GROZ ENGINEERING TOOLS PRIVATE LIMITED,391,2022072706391,Brand Owner,In Progress
2022-06-06T13:44:14,Haldiram Foods International Pvt Ltd,Haldiram Foods International Pvt Ltd,1399,20220606061399,Brand Owner,In Progress
2022-04-03T11:57:23,ACP,ACP,50,202204030650,Brand Owner,In Progress
2022-04-07T15:08:47,Alimento Agro Foods Private Limited,Alimento Agro Foods Private Limited,83,202204070683,Brand Owner,In Progress
2022-05-26T15:16:56,Liebherr Appliances India Private Limited,Liebherr Appliances India Private Limited,775,2022052606775,Brand Owner,In Progress
2022-08-30T18:16:57,KL Test Application,KL Test Application,78,202208300678,Brand Owner,In Progress
2022-07-15T15:56:16,J J FOODS PRIVATE LIMITED,J J FOODS PRIVATE LIMITED,2667,20220715062667,Brand Owner,In Progress
2022-04-07T19:55:16,ABCD,ABCD,91,202204070691,Brand Owner,In Progress
2022-07-24T11:25:09,AGRO Technologies India Pvt Ltd,AGRO Technologies India Pvt Ltd,125,2022072406125,Brand Owner,In Progress
2022-04-30T16:34:26,UMANG DAIRIES LTD,UMANG DAIRIES LTD,433,2022043006433,Brand Owner,In Progress
2022-06-17T14:52:23,MOTA CHIPS,MOTA CHIPS,1636,20220617061636,Brand Owner,In Progress
2022-05-25T15:13:44,AP ORGANICS LTD,AP ORGANICS LTD,200,2022052506200,Brand Owner,In Progress
2022-04-12T00:36:17,ABC Test,ABC Test,122,2022041206122,Brand Owner,In Progress
2022-04-13T15:23:08,VIAZ TUBES PVT LTD,VIAZ TUBES PVT LTD,153,2022041306153,Brand Owner,In Progress
2022-06-01T11:09:18,MOON BEVERAGES LTD,MOON BEVERAGES LTD,913,2022060106913,Brand Owner,In Progress
2022-04-14T10:38:45,DINSHAWS DAIRY FOODS PVT LTD,DINSHAWS DAIRY FOODS PVT LTD,159,2022041406159,Brand Owner,In Progress
2022-04-14T10:18:05,google,google,158,2022041406158,Brand Owner,In Progress
2022-07-04T14:18:12,ABDOS COSUMER CARE LTD,ABDOS COSUMER CARE LTD,199,2022070406199,Brand Owner,In Progress
2022-04-15T17:05:08,JAYSHRI GAYATRI FOOD PRODUCTS PVT LTD,JAYSHRI GAYATRI FOOD PRODUCTS PVT LTD,184,2022041506184,Brand Owner,In Progress
2022-04-17T17:33:50,KVG Agro Private Limited,KVG Agro Private Limited,195,2022041706195,Brand Owner,In Progress
2022-04-19T11:07:55,Grasim Industries Limited  Grasim Premium Fabric,Grasim Industries Limited  Grasim Premium Fabric,218,2022041906218,Brand Owner,In Progress
2022-04-22T10:34:50,AIMIL PHARMACEUTICALS (INDIA) LTD,AIMIL PHARMACEUTICALS (INDIA) LTD,283,2022042206283,Brand Owner,In Progress
2022-08-09T14:39:58,Brand Owner,Brand Owner,311,2022080906311,Brand Owner,In Progress
2022-04-23T10:58:49,tiajams,tiajams,313,2022042306313,Brand Owner,In Progress
2022-05-27T13:17:39,Recon Oil Industries Private Limited,Recon Oil Industries Private Limited,415,2022052706415,Brand Owner,In Progress
2022-08-24T11:51:48,Modern Dairies Limited,Modern Dairies Limited,430,2022082406430,Brand Owner,In Progress
2022-04-26T16:06:03,Idasa India Limited,Idasa India Limited,361,2022042606361,Brand Owner,In Progress
2022-05-28T11:49:21,Today Tea Limited,Today Tea Limited,873,2022052806873,Brand Owner,In Progress
2022-04-29T17:30:06,PARAMOUNT COSMETICS INDIA LIMITED,PARAMOUNT COSMETICS INDIA LIMITED,423,2022042906423,Brand Owner,In Progress
2022-06-07T16:21:15,Western India Sea Brine Private Limited,Western India Sea Brine Private Limited,1350,20220607061350,Brand Owner,In Progress
2022-05-02T14:15:55,Sarda Dairy And Food Products Limited,Sarda Dairy And Food Products Limited,441,2022050206441,Brand Owner,In Progress
2022-05-27T17:27:24,Xiaomi Technology India Private Limited,Xiaomi Technology India Private Limited,1484,20220527061484,Brand Owner,In Progress
2022-05-05T13:19:29,Indian Yamaha Motor Private Limited,Indian Yamaha Motor Private Limited,511,2022050506511,Brand Owner,In Progress
2022-08-04T15:17:26,Sigma Aldrich Chemicals Pvt Limited,Sigma Aldrich Chemicals Pvt Limited,880,2022080406880,Brand Owner,In Progress
2022-05-06T14:49:31,Bhagat Dhanadal Corporation,Bhagat Dhanadal Corporation,538,2022050606538,Brand Owner,In Progress
2022-05-06T15:24:16,BIKALAL FOODS,BIKALAL FOODS,541,2022050606541,Brand Owner,In Progress
2022-05-07T13:34:59,Windlas Biotech Limited   Plant1,Windlas Biotech Limited   Plant1,561,2022050706561,Brand Owner,In Progress
2022-05-07T16:31:48,Windlas Biotech Limited   Plant 3,Windlas Biotech Limited   Plant 3,570,2022050706570,Brand Owner,In Progress
2022-08-02T12:47:01,ASCLEPIUS WELLNESS PRIVATE LIMITED,ASCLEPIUS WELLNESS PRIVATE LIMITED,581,2022080206581,Brand Owner,In Progress
2022-05-09T12:57:19,XYZ ZYX,XYZ ZYX,582,2022050906582,Brand Owner,In Progress
2022-05-25T16:22:58,Harshita sharma,Harshita sharma,633,2022052506633,Brand Owner,In Progress
2022-07-29T13:23:21,PARASAKTI CEMENT INDUSTRIES LIMTED,PARASAKTI CEMENT INDUSTRIES LIMTED,596,2022072906596,Brand Owner,In Progress
2022-05-27T12:57:46,Appario Retail Private Limited,Appario Retail Private Limited,796,2022052706796,Brand Owner,In Progress
2022-07-04T11:40:02,C P Milk and Food Products Pvt Ltd,C P Milk and Food Products Pvt Ltd,1975,20220704061975,Brand Owner,In Progress
2022-05-10T16:02:46,NILKAMAL STORAGE SYSTEMS PVT LTD UNIT II,NILKAMAL STORAGE SYSTEMS PVT LTD UNIT II,607,2022051006607,Brand Owner,In Progress
2022-06-27T14:15:58,Ponni Sugars (Erode) Limited,Ponni Sugars (Erode) Limited,842,2022062706842,Brand Owner,In Progress
2022-05-10T19:13:07,ARB,ARB,613,2022051006613,Brand Owner,In Progress
2022-05-16T18:12:50,Sumax Engineering Pvt Ltd,Sumax Engineering Pvt Ltd,724,2022051606724,Brand Owner,In Progress
2022-05-13T10:40:40,GAJANAN AGRO FOODS PRIVATE LIMITED,GAJANAN AGRO FOODS PRIVATE LIMITED,674,2022051306674,Brand Owner,In Progress
2022-05-13T17:08:34,Rama Phosphates Limited,Rama Phosphates Limited,685,2022051306685,Brand Owner,In Progress
2022-05-27T12:32:32,AASTHA SALT INDUSTRIES PVT LTD,AASTHA SALT INDUSTRIES PVT LTD,824,2022052706824,Brand Owner,In Progress
2022-05-31T10:21:11,TATA UNISTORE LIMITED,TATA UNISTORE LIMITED,1108,20220531061108,Brand Owner,In Progress
2022-05-23T16:48:25,GHCL LIMITED,GHCL LIMITED,797,2022052306797,Brand Owner,In Progress
2022-08-02T16:57:28,Whitespread Foods Private Limited,Whitespread Foods Private Limited,1287,20220802061287,Brand Owner,In Progress
2022-05-31T16:50:45,EPSON INDIA PRIVATE LIMITED,EPSON INDIA PRIVATE LIMITED,966,2022053106966,Brand Owner,In Progress
2022-05-21T14:36:26,INDIA YAMAHA MOTOR PRIVATE LIMITED,INDIA YAMAHA MOTOR PRIVATE LIMITED,766,2022052106766,Brand Owner,In Progress
2022-05-25T13:24:18,BAULI INDIA BAKES AND SWEETS PRIVATE LIMITED,BAULI INDIA BAKES AND SWEETS PRIVATE LIMITED,858,2022052506858,Brand Owner,In Progress
2022-05-31T09:40:01,Milky Mist Dairy Food Private Limited,Milky Mist Dairy Food Private Limited,896,2022053106896,Brand Owner,In Progress
2022-05-28T18:33:19,INDIA YAMAHA MOTOR PRIVATE LIMITED,INDIA YAMAHA MOTOR PRIVATE LIMITED,908,2022052806908,Brand Owner,In Progress
2022-06-06T18:29:23,QUICK EATS PRIVATE LIMITED,QUICK EATS PRIVATE LIMITED,931,2022060606931,Brand Owner,In Progress
2022-05-30T11:28:11,Uttam Sugar Mills Ltd,Uttam Sugar Mills Ltd,1017,20220530061017,Brand Owner,In Progress
2022-05-28T12:51:37,India Yamaha Motors Private Limited,India Yamaha Motors Private Limited,1046,20220528061046,Brand Owner,In Progress
2022-05-31T11:51:31,Uttam Sugar Mills Ltd,Uttam Sugar Mills Ltd,1094,20220531061094,Brand Owner,In Progress
2022-06-02T15:26:15,SAYEGH PAINT FACTORIES INDIA PRIVATE LIMITED,SAYEGH PAINT FACTORIES INDIA PRIVATE LIMITED,1143,20220602061143,Brand Owner,In Progress
2022-06-02T15:30:35,Surya Fresh Foods Limited,Surya Fresh Foods Limited,1200,20220602061200,Brand Owner,In Progress
2022-06-01T18:24:14,Sun Consultants,Sun Consultants,1222,20220601061222,Brand Owner,In Progress
2022-06-02T16:08:42,SK Lubricants & Oils India Pvt Ltd.,SK Lubricants & Oils India Pvt Ltd.,1269,20220602061269,Brand Owner,In Progress
2022-06-08T17:43:46,Dev Milk Foods Private Limited,Dev Milk Foods Private Limited,1465,20220608061465,Brand Owner,In Progress
2022-06-08T16:17:58,LAL SWEETS PRIVATE LIMITED,LAL SWEETS PRIVATE LIMITED,1472,20220608061472,Brand Owner,In Progress
2022-06-09T16:02:50,TRDP Happy World Pvt. Ltd.,TRDP Happy World Pvt. Ltd.,1498,20220609061498,Brand Owner,In Progress
2022-06-14T12:40:01,ESSEL KITCHENWARE LIMITED,ESSEL KITCHENWARE LIMITED,1503,20220614061503,Brand Owner,In Progress
2022-06-13T15:11:18,ESSEL THERMOWARE PRIVATE LIMITED,ESSEL THERMOWARE PRIVATE LIMITED,1520,20220613061520,Brand Owner,In Progress
2022-06-17T11:15:09,Simbhaoli Sugars Limited,Simbhaoli Sugars Limited,1560,20220617061560,Brand Owner,In Progress
2022-06-12T23:00:47,SHIMA,SHIMA,1584,20220612061584,Brand Owner,In Progress
2022-06-17T14:43:13,Mead Johnson Nutrition (India) Private Limited,Mead Johnson Nutrition (India) Private Limited,1691,20220617061691,Brand Owner,In Progress
2022-06-29T12:00:35,JAYKAYCEM CENTRAL LIMITED,JAYKAYCEM CENTRAL LIMITED,2121,20220629062121,Brand Owner,In Progress
2022-06-14T14:28:09,test,test,1638,20220614061638,Brand Owner,In Progress
2022-06-15T16:50:59,FRESH FOOD AGRO INDUSTRIES,FRESH FOOD AGRO INDUSTRIES,1684,20220615061684,Brand Owner,In Progress
2022-07-14T17:20:18,ENCORE HEALTHCARE PVT LTD,ENCORE HEALTHCARE PVT LTD,1719,20220714061719,Brand Owner,In Progress
2022-07-19T15:24:12,Green Valliey Industries Limited,Green Valliey Industries Limited,1858,20220719061858,Brand Owner,In Progress
2022-06-17T12:33:09,Godrej Industries Limited (Chemical Division),Godrej Industries Limited (Chemical Division),1726,20220617061726,Brand Owner,In Progress
2022-06-24T17:45:40,Manjilas Food Tech Pvt Ltd,Manjilas Food Tech Pvt Ltd,1791,20220624061791,Brand Owner,In Progress
2022-06-17T17:07:01,VST INDUSTRIES LIMITED,VST INDUSTRIES LIMITED,1744,20220617061744,Brand Owner,In Progress
2022-07-06T18:05:45,Triguni Food Private Limited,Triguni Food Private Limited,2408,20220706062408,Brand Owner,In Progress
2022-06-20T17:31:42,ASHOKA INDUSTRIES,ASHOKA INDUSTRIES,1778,20220620061778,Brand Owner,In Progress
2022-08-08T18:34:05,Wipro Enterprises Private Limited,Wipro Enterprises Private Limited,1800,20220808061800,Brand Owner,In Progress
2022-06-21T14:30:28,Fresh and Honest Cafe Limited,Fresh and Honest Cafe Limited,1818,20220621061818,Brand Owner,In Progress
2022-07-04T11:37:45,Creamy Foods Limited,Creamy Foods Limited,1842,20220704061842,Brand Owner,In Progress
2022-08-17T11:52:46,Diamond Valley Gardens Pvt Ltd,Diamond Valley Gardens Pvt Ltd,1940,20220817061940,Brand Owner,In Progress
2022-06-24T13:37:09,Befach,Befach,1936,20220624061936,Brand Owner,In Progress
2022-06-23T22:17:08,HIMANI CHEMTECH,HIMANI CHEMTECH,1931,20220623061931,Brand Owner,In Progress
2022-07-28T16:38:13,Oracle Polyplast,Oracle Polyplast,3463,20220728063463,Brand Owner,In Progress
2022-06-27T12:27:34,Vegolution India Pvt Ltd,Vegolution India Pvt Ltd,2016,20220627062016,Brand Owner,In Progress
2022-07-29T18:53:07,Epic Drugs,Epic Drugs,3619,20220729063619,Brand Owner,In Progress
2022-06-27T17:34:55,Red Bull India Private Limited,Red Bull India Private Limited,2042,20220627062042,Brand Owner,In Progress
2022-08-04T16:12:55,CEAT LTD,CEAT LTD,2499,20220804062499,Brand Owner,In Progress
2022-07-01T12:19:46,COFFEE DAY GLOBAL LIMITED,COFFEE DAY GLOBAL LIMITED,2259,20220701062259,Brand Owner,In Progress
2022-07-13T12:02:54,AJIT BAKERY,AJIT BAKERY,2177,20220713062177,Brand Owner,In Progress
2022-07-05T15:31:10,SCHREIBER DYNAMIX DAIRIES PRIVATE LIMITED,SCHREIBER DYNAMIX DAIRIES PRIVATE LIMITED,2376,20220705062376,Brand Owner,In Progress
2022-07-01T12:19:00,XXX,XXX,2227,20220701062227,Brand Owner,In Progress
2022-06-30T18:25:33,Bauli India Bakes And Sweets Private Limited,Bauli India Bakes And Sweets Private Limited,2244,20220630062244,Brand Owner,In Progress
2022-08-20T12:06:30,Bai-Kakaji Aquasure Solutions Private Limited,Bai-Kakaji Aquasure Solutions Private Limited,2254,20220820062254,Brand Owner,In Progress
2022-07-12T11:58:17,Odi-RAY INDUSTRIES LIMITED,Odi-RAY INDUSTRIES LIMITED,2297,20220712062297,Brand Owner,In Progress
2022-07-01T14:35:12,test,test,2267,20220701062267,Brand Owner,In Progress
2022-07-29T11:27:34,Havells India Limited,Havells India Limited,2348,20220729062348,Brand Owner,In Progress
2022-07-19T16:51:00,AMAR DAIRY,AMAR DAIRY,2439,20220719062439,Brand Owner,In Progress
2022-07-26T15:26:20,GUJARAT MULTI GAS BASE CHEMICALS PVT. LTD.,GUJARAT MULTI GAS BASE CHEMICALS PVT. LTD.,3358,20220726063358,Brand Owner,In Progress
2022-07-08T16:16:47,Mittal Enterprises,Mittal Enterprises,2427,20220708062427,Brand Owner,In Progress
2022-07-30T14:17:57,Rajeev Kumar Agarwal,Rajeev Kumar Agarwal,2440,20220730062440,Brand Owner,In Progress
2022-08-01T11:08:41,Gwalior Sahakari Dugdh Sangh Maryadit,Gwalior Sahakari Dugdh Sangh Maryadit,3604,20220801063604,Brand Owner,In Progress
2022-08-31T15:29:45,GOLDENCROSS PHARMA LTD,GOLDENCROSS PHARMA LTD,2507,20220831062507,Brand Owner,In Progress
2022-07-08T12:36:27,ETrade Marketing Private Limited,ETrade Marketing Private Limited,2511,20220708062511,Brand Owner,In Progress
2022-07-11T11:17:23,METRO CASH & CARRY INDIA PRIVATE LIMITED,METRO CASH & CARRY INDIA PRIVATE LIMITED,2543,20220711062543,Brand Owner,In Progress
2022-07-08T18:13:21,Novozymes South Asia Pvt. Ltd.,Novozymes South Asia Pvt. Ltd.,2544,20220708062544,Brand Owner,In Progress
2022-07-08T20:45:11,test_demo_application,test_demo_application,2552,20220708062552,Brand Owner,In Progress
2022-07-10T19:54:54,KALPESHBHAI BHIKHUBHAI PATNI,TRIDEVI TRADERS,2596,20220710062596,Brand Owner,In Progress
2022-07-21T11:09:45,Jay Chemicals,JayC,2599,20220721062599,Brand Owner,In Progress
2022-07-11T16:22:41,JRS PHARMA & GUJARAT MICROWAX PRIVATE LIMITED,JRS PHARMA & GUJARAT MICROWAX PRIVATE LIMITED,2613,20220711062613,Brand Owner,In Progress
2022-07-13T14:09:23,V D Industries,V D Industries,2621,20220713062621,Brand Owner,In Progress
2022-07-13T11:02:23,SIMK LABELS PRIVATE LIMITED,KOPARO CLEAN,2694,20220713062694,Brand Owner,In Progress
2022-08-09T14:24:00,Dhampur Sugar Mills Ltd.,Dhampur Sugar Mills Ltd.,2704,20220809062704,Brand Owner,In Progress
2022-08-13T19:02:21,Threpsi Solutions Pvt Ltd,pharmeasy,2716,20220813062716,Brand Owner,In Progress
2022-07-22T07:15:29,KSETRIIMAYUM IBOCHOU SINGH,KSHIS PLASTIC INDUSTRY,2810,20220722062810,Brand Owner,In Progress
2022-07-15T14:47:52,DUROFLEX PRIVATE LIMITED,DUROFLEX PRIVATE LIMITED,2844,20220715062844,Brand Owner,In Progress
2022-07-20T14:18:00,ORIENT BEVERAGES LIMITED,ORIENT BEVERAGES LIMITED,2847,20220720062847,Brand Owner,In Progress
2022-08-06T16:57:57,Varsha Packaging Pvt Ltd,Varsha Packaging Pvt Ltd,2849,20220806062849,Brand Owner,In Progress
2022-07-19T16:44:28,PRAYOG INDUSTRIES,PRAYOG INDUSTRIES,3062,20220719063062,Brand Owner,In Progress
2022-07-27T12:11:04,UDAYAK AGRO PRODUCTS PVT LTD,UDAYAK AGRO PRODUCTS PVT LTD,3085,20220727063085,Brand Owner,In Progress
2022-08-09T15:47:07,NINGTHOUJAM DHINEL SINGH,N. D. INDUSTRIES,3459,20220809063459,Brand Owner,In Progress
2022-07-22T15:26:45,Nagreeka Indcon Products Private Limited,Nagreeka Indcon Products (P) Ltd,3169,20220722063169,Brand Owner,In Progress
2022-07-22T19:00:26,POPULAR BAKERY PRODUCTS PRIVATE LIMITED,POPULAR BAKERY PRODUCTS PRIVATE LIMITED,3246,20220722063246,Brand Owner,In Progress
2022-07-27T22:12:54,Shalini Singh,Shalini Singh,3480,20220727063480,Brand Owner,In Progress
2022-07-28T11:26:54,XYZ,XYZ,3481,20220728063481,Brand Owner,In Progress
2022-07-31T23:43:34,KIRTI AGROVET LIMITED,KIRTI AGROVET LIMITED,3607,20220731063607,Brand Owner,In Progress
2022-07-30T13:15:43,TJ,TJ Enterprise,3653,20220730063653,Brand Owner,In Progress
2022-08-08T14:48:18,Tupperware India Pvt Ltd,Tupperware,3730,20220808063730,Brand Owner,In Progress
2022-08-05T18:30:57,MAXVITA FOODS INDIA PRIVATE LIMITED,MAXVITA FOODS INDIA PRIVATE LIMITED,3932,20220805063932,Brand Owner,In Progress
2022-08-04T12:47:12,JANHABI PATTANAYAK,J.S INDUSTRIES,3963,20220804063963,Brand Owner,In Progress
2022-08-04T20:47:11,abc,nature,4042,20220804064042,Brand Owner,In Progress
2022-08-05T12:34:25,SATIDADI AGRO MANUFACTURERS PRIVATE LIMITED,SATIDADI AGRO MANUFACTURERS PRIVATE LIMITED,4057,20220805064057,Brand Owner,In Progress
2022-08-05T14:15:17,Brand Owner,Brand Owner,4091,20220805064091,Brand Owner,In Progress
2022-08-23T19:24:11,Konkan Speciality Polyproducts Private Limited,Konkan Speciality Polyproducts Private Limited,4140,20220823064140,Brand Owner,In Progress
2022-08-06T17:05:57,PARRY AGRO INDUSTRIES LIMITED,TEA,4238,20220806064238,Brand Owner,In Progress
2022-08-13T14:18:47,SOBISCO FOODS PRIVATE LIMITED,SOBISCO FOODS PRIVATE LIMITED,4517,20220813064517,Brand Owner,In Progress
2022-08-25T12:11:00,Sahyadri Farms Post Harvest Care Limited,Sahyadri Farms Post Harvest Care Limited,4738,20220825064738,Brand Owner,In Progress
2022-08-26T17:01:51,VIJAY SOLVEX LTD,VIJAY SOLVEX LTD,4714,20220826064714,Brand Owner,In Progress
2022-09-01T12:36:11,PALLAVI PLASTICS PVT LTD,BLUE SAPPHIRE,5299,20220901065299,Brand Owner,In Progress
2022-08-25T14:51:28,IRIS Transportation services private limited,IRIS Transportation services private limited,4887,20220825064887,Brand Owner,In Progress
2022-08-25T11:47:34,SUJAY IRRIGATIONS PRIVATE LIMITED,SUJAY IRRIGATIONS PRIVATE LIMITED,4895,20220825064895,Brand Owner,In Progress
2022-08-26T17:36:30,CUMMINS INDIA LIMITED,CUMMINS INDIA LIMITED,4901,20220826064901,Brand Owner,In Progress
2022-08-29T09:52:27,HAWKINS COOKERS LIMITED,HAWKINS COOKERS LIMITED,6866,20220829066866,Brand Owner,In Progress
2022-08-29T16:26:06,Indore Sahakari Dudgha Sangh Mydt. Indore,Sanchi,5146,20220829065146,Brand Owner,In Progress
2022-08-30T16:58:04,Healthium Medtech Limited,Healthium Medtech Limited,5230,20220830065230,Brand Owner,In Progress
2022-09-02T16:40:10,Demo User,Demo,5356,20220902065356,Brand Owner,In Progress
2022-09-07T01:03:22,sds,jjknkjnkj,5534,20220907065534,Brand Owner,In Progress
2022-09-13T21:52:37,test,test,6998,20220913066998,Brand Owner,In Progress
2022-09-15T11:32:34,BOLAS AGRO PRIVATE LIMITED,BOLAS AGRO PRIVATE LIMITED,7129,20220915067129,Brand Owner,In Progress
2022-09-15T15:47:27,APEX BEVERAGES INC,SIPERB,7195,20220915067195,Brand Owner,In Progress
2022-10-07T13:51:23,Pushp Brand (INDIA) Pvt Ltd,Pushp Spices,544800881,2022100706544800881,Brand Owner,In Progress
2022-11-08T18:24:31,NAYASA WORLD,NAYASA WORLD,544802208,2022110806544802208,Brand Owner,In Progress
2022-11-09T11:05:30,PREM GREEN PRIVATE LIMITED,PREM GREEN PRIVATE LIMITED,544802223,2022110906544802223,Brand Owner,In Progress
2022-11-15T12:52:29,KURLON ENTERPRISE LIMITED,KULRON,544802537,2022111506544802537,Brand Owner,In Progress
2022-12-10T12:39:00,GLL INDUSTRIES,STEELBIRD,544803408,2022121006544803408,Brand Owner,In Progress
2022-12-20T15:17:42,BANSAL EXTRACTION AND EXPORTS PRIVATE LIMITED,Manufacturing of refined soya bean edible oil and soya doc,544803964,2022122006544803964,Brand Owner,In Progress
2022-12-22T15:57:37,VIN LAMINATES,VIN LAMINATES,544804082,2022122206544804082,Brand Owner,In Progress
2022-12-23T10:48:37,CPCB_TEST_7,CPCB_TEST_7,544804102,2022122306544804102,Brand Owner,In Progress
2023-01-05T15:28:07,SUPER MOULDINGS,SUPER MOULDINGS,544804861,2023010506544804861,Brand Owner,In Progress
2023-01-06T14:59:24,LBO Company,Lavanya Enterprises,544804911,2023010606544804911,Brand Owner,In Progress
2023-01-06T15:12:18,UAT Brand Owner 2,UAT Brand Owner 2,544804912,2023010606544804912,Brand Owner,In Progress
2023-01-10T14:47:45,SHIVA POLYTUBES PRIVATE LIMITED,SHIVA,544805126,2023011006544805126,Brand Owner,In Progress
2023-01-10T15:29:29,MAHAVIR PLASTIC INDUSTRIES - UNIT II,Caps & closures,544805655,2023011006544805655,Brand Owner,In Progress
2023-01-18T15:07:03,DIPLAST PLASTICS LIMITED,DIPLAST,544814812,2023011806544814812,Brand Owner,In Progress
2023-01-18T15:18:11,CHEMVIN INDUSTRIES,DIPLAST,544806158,2023011806544806158,Brand Owner,In Progress
2023-01-25T16:33:06,MSM RETAIL PRIVATE LIMITED,MSM RETAIL PRIVATE LIMITED,544806051,2023012506544806051,Brand Owner,In Progress
2023-02-07T13:10:40,COMED CHEMICALS LIMITED,Comed Chemicals Ltd,544806554,2023020706544806554,Brand Owner,In Progress
2023-02-17T11:35:14,CHETAK TECHNOLOGY LIMITED,Chetak Technology Ltd,544807798,2023021706544807798,Brand Owner,In Progress
2023-02-21T11:57:14,KAVERI PIPES,KAVERI PIPES,544808295,2023022106544808295,Brand Owner,In Progress
2023-02-23T11:04:22,CAPRIHANS INDIA LIMITED,Caprihans India Limited,544808675,2023022306544808675,Brand Owner,In Progress
2023-02-24T12:24:31,CHEMINOVA INDIA LIMITED,Cheminova India Ltd,544825649,2023022406544825649,Brand Owner,In Progress
2023-02-24T13:56:38,ROTO PLAST,ROTO PLAST,544809059,2023022406544809059,Brand Owner,In Progress
2023-02-25T12:10:49,SNL BEARINGS LIMITED,SNL BEARINGS LIMITED,544809165,2023022506544809165,Brand Owner,In Progress
2023-02-28T10:07:32,ESCORTS KUBOTA INDIA PRIVATE LIMITED,Escorts Kubota India Private Limited,544809656,2023022806544809656,Brand Owner,In Progress
2023-02-28T15:57:20,Avalon Cosmetics Private Limited,Avalon Cosmetics Private Limited,544809786,2023022806544809786,Brand Owner,In Progress
2023-03-08T19:33:58,THEOBROMA FOODS PRIVATE LIMITED,Theobroma Foods Private Limited,544811423,2023030806544811423,Brand Owner,In Progress
2023-03-17T12:25:26,M K AGROTECH PRIVATE LIMITED,M.K. AGROTECH PRIVATE LIMITED,544815107,2023031706544815107,Brand Owner,In Progress
2023-03-20T13:38:23,RAWJI FINE FRAGRANCES PRIVATE LIMITED,RAWJI FINE FRAGRANCES PRIVATE LIMITED,544814242,2023032006544814242,Brand Owner,In Progress
2023-03-22T11:39:12,A.R.DAIRY FOOD PVT LTD,RAAJ MILK,544814776,2023032206544814776,Brand Owner,In Progress
2023-03-27T00:55:30,ALP NISHIKAWA COMPANY PRIVATE LIMITED,ALP NISHIKAWA COMPANY PRIVATE LIMITED,544815927,2023032706544815927,Brand Owner,In Progress
2023-03-28T11:52:11,MOMENTIVE PERFORMANCE MATERIALS (INDIA) PVT LTD,MOMENTIVE PERFORMANCE MATERIALS (INDIA) PRIVATE LIMITED,544816287,2023032806544816287,Brand Owner,In Progress
2023-03-29T15:09:38,HILLS CEMENT COMPANY LIMITED,M/S HILLS CEMENT COMPANY LIMITED,544816696,2023032906544816696,Brand Owner,In Progress
2023-03-31T16:43:37,TIWANA OIL MILLS PRIVATE LIMITED,TIWANA OIL MILLS PRIVATE LIMITED,544817637,2023033106544817637,Brand Owner,In Progress
2023-04-01T20:31:27,I,ICEBERG FOODS LIMITED,544817810,2023040106544817810,Brand Owner,In Progress
2023-04-20T13:12:22,VAIGHAI AGRO PRODUCTS LIMITED,VAIGHAI AGRO PRODUCTS LIMITED,544821615,2023042006544821615,Brand Owner,In Progress
2023-04-26T18:08:35,DANFOSS SYSTEMS LIMITED,DANFOSS SYSTEMS LIMITED,544823031,2023042606544823031,Brand Owner,In Progress
2023-04-26T21:45:52,Arvind Limited,ARVIND LIMITED,544823078,2023042606544823078,Brand Owner,In Progress
2023-05-03T18:38:39,KRITI INDUSTRIES INDIA LIMITED,KRITI INDUSTRIES (INDIA)LIMITED,544824483,2023050306544824483,Brand Owner,In Progress
2023-05-04T12:21:14,M B SUGARS AND PHARMACEUTICALS PRIVATE LIMITED,M B SUGARS AND PHARMACEUTICALS PRIVATE LIMITED,544824559,2023050406544824559,Brand Owner,In Progress
2023-05-09T15:25:54,BATHLA ALUMINIUM PVT LTD,BATHLA ALUMINIUM PRIVATE LIMITED,544825557,2023050906544825557,Brand Owner,In Progress
2023-05-10T17:28:01,NEFAB INDIA PRIVATE LIMITED,NEFAB INDIA PRIVATE LIMITED,544825832,2023051006544825832,Brand Owner,In Progress
2023-05-12T13:22:42,KANODIA CEMENT LIMITED,"BIGCEM, CONCRETE GOLD, HBM GOLD, BLUESTAR",544826176,2023051206544826176,Brand Owner,In Progress
2023-05-19T15:30:17,M/s   DOMINO PRINTECH INDIA LLP,Domino Printech India LLP,544827601,2023051906544827601,Brand Owner,In Progress
2023-05-22T11:53:17,M/s   STYLO TABLEWARES,STYLO TABLEWARES,544827925,2023052206544827925,Brand Owner,In Progress
2023-06-06T11:26:05,M/s   SHREE SHYAM SNACKS FOOD PRIVATE LIMITED,SHREE SHYAM SNACKS FOOD PRIVATE LIMITED.,544830271,2023060606544830271,Brand Owner,In Progress
2023-06-09T13:39:35,Shri MAHESH PRASHANT MOHANANI,PM INC,544830996,2023060906544830996,Brand Owner,In Progress
2023-06-28T10:14:01,M/s   ATHER ENERGY PRIVATE LIMITED,ATHER ENERGY PRIVATE LIMITED,544833719,2023062806544833719,Brand Owner,In Progress
2023-06-28T10:56:20,M/s   THE VELLORE CO-OP. SUGAR MILLS LIMITED,THE VELLORE COOP SUGAR MILLS LTD D S 2,544833723,2023062806544833723,Brand Owner,In Progress
2023-06-28T11:45:16,M/s   THE MADURANTAKAM COOPERATIVE SUGAR MILLS LIMITED,BINA UDYOG PRIVATE LIMITED,544833733,2023062806544833733,Brand Owner,In Progress
2023-06-30T11:28:34,M/s   R K GANAPATHI CHETTIAR,R K GANAPATHI CHETTIAR,544834173,2023063006544834173,Brand Owner,In Progress
2023-06-30T16:06:08,M/s   AMARAVATHI COOPERATIVE SUGAR MILLS LIMITED,AMARAVATHI COOPERATIVE SUGAR MILLS LIMITED,544834193,2023063006544834193,Brand Owner,In Progress
2023-07-01T10:12:43,M/s   TAMILNADU SUGAR CORPORATION LIMITED,TAMILNADU SUGAR CORPORATION LIMITED,544834258,2023070106544834258,Brand Owner,In Progress
2023-07-01T11:56:10,M/s   THE DHARMAPURI DISTRICT CO-OPERATIVE SUGAR MILLS LIMITED,THE DHARMAPURI DISTRICT CO-OP SUGAR MILLS LTD,544834266,2023070106544834266,Brand Owner,In Progress
2023-07-03T15:26:13,M/s   KRISHNAMURTHY COOPERATIVE SUGAR MILLS LTD,M R KRISHNAMURTHY CO-OPERATIVE SUGAR MILL LIMITED,544834446,2023070306544834446,Brand Owner,In Progress
2023-07-10T18:15:32,M/s   ELCOMPONICS SALES PRIVATE LIMITED,ELCOMPONICS SALES PRIVATE LIMITED,544835546,2023071006544835546,Brand Owner,In Progress
2023-07-11T16:21:17,M/s   BEUMER INDIA PRIVATE LIMITED,BEUMER INDIA PRIVATE LIMITED,544836411,2023071106544836411,Brand Owner,In Progress
2023-07-11T22:11:15,M/s   ANDROS FOODS INDIA PRIVATE LIMITED,ANDROS FOODS INDIA PRIVATE LIMITED,544835732,2023071106544835732,Brand Owner,In Progress
2023-07-17T17:27:10,M/s   BETTERLIFE HORIZONS PRIVATE LIMITED,BETTERLIFE HORIZONS PRIVATE LIMITED,544836556,2023071706544836556,Brand Owner,In Progress
2023-07-25T12:05:31,M/s   DELHI MILK SCHEME,Delhi Milk Scheme,544837423,2023072506544837423,Brand Owner,In Progress
2023-07-28T11:03:07,M/s   JAMSHEDPUR CONTINUOUS ANNEALING & PROCESSING COMPANY PRIVATE LIMITED,JAMSHEDPUR CONTINUOUS ANNEALING & PROCESSING COMPANY PRIVATE LIMITED,544837711,2023072806544837711,Brand Owner,In Progress
2023-08-07T15:16:40,M/s   AUTOLIV INDIA PRIVATE LIMITED,AUTOLIV INDIA PRIVATE LIMITED,544839352,2023080706544839352,Brand Owner,In Progress
2023-08-12T08:45:00,M/s   PUSHP BRAND (INDIA) PRIVATE LIMITED,PUSHP BRAND (INDIA) PRIVATE LIMITED,544839607,2023081206544839607,Brand Owner,In Progress
2023-08-12T10:56:09,M/s   MICRO LABS LIMITED,MICRO LABS LIMITED,544840185,2023081206544840185,Brand Owner,In Progress
2023-08-16T14:57:15,M/s   BEEJAPURI FRESH PRODUCTS PRIVATE LIMITED,BEEJAPURI FRESH PRODUCTS PRIVATE LIMITED,544842310,2023081606544842310,Brand Owner,In Progress
2023-08-18T16:07:08,M/s   KOMATSU INDIA PRIVATE LIMITED,KOMATSU INDIA PRIVATE LIMITED,544840482,2023081806544840482,Brand Owner,In Progress
2023-08-21T14:01:21,M/s   G D PHARMACEUTICALS PRIVATE LIMITED,G.D. PHARMACEUTICALS PRIVATE LIMITED,544840726,2023082106544840726,Brand Owner,In Progress
2023-08-23T11:01:53,KLUBER LUBRICATION INDIA PVT LTD,KLUBER LUBRICATION INDIA PRIVATE LIMITED,544842197,2023082306544842197,Brand Owner,In Progress
2023-08-26T16:37:02,M/s   DHARWAD BIG MISHRA PEDHA PRIVATE LIMITED,DHARWAD BIG MISHRA PEDHA PRIVATE LIMITED,544841427,2023082606544841427,Brand Owner,In Progress
2023-08-28T16:26:39,M/s   PRAN BEVERAGES (INDIA) PRIVATE LIMITED,PRAN BEVERAGES (INDIA) PRIVATE LIMITED,544841828,2023082806544841828,Brand Owner,In Progress
2023-08-29T10:23:25,M/s   THE HOSHIARPUR DISTT. CO-     OP. MILK PRODUCERS UNION      LTD.,THE HOSHIARPUR CO OP MILK PRODUCER UNION,544841578,2023082906544841578,Brand Owner,In Progress
2023-09-04T10:37:54,M/s   NATURE'S FIRST INDIA PRIVATE LIMITED,NATURE'S FIRST INDIA PRIVATE LIMITED,544841930,2023090406544841930,Brand Owner,In Progress
2023-09-15T12:26:20,M/s   DEUTSCH INDIA POWER CONNECTORS PRIVATE LIMITED,DEUTSCH INDIA POWER CONNECTORS PRIVATE LIMITED,544843206,2023091506544843206,Brand Owner,In Progress
2023-09-27T10:02:34,M/s   ELIN ELECTRONICS LIMITED,ELIN ELECTRONICS LTD.,544844103,2023092706544844103,Brand Owner,In Progress
2023-09-28T11:38:27,M/s   P M C RUBBER CHEMICALS INDIA PRIVATE LIMITED,PMC RUBBER CHEMICALS INDIA PRIVATE LIMITED,544844226,2023092806544844226,Brand Owner,In Progress
2023-09-28T15:49:10,Shri  ANGAMUTHU SARAVANAN,SHIVA SAI PAPERS AGENCIES,544844273,2023092806544844273,Brand Owner,In Progress
2023-10-12T14:58:29,M/s   ISHAAN PLASTICS PRIVATE LIMITED,ISHAAN PLASTICS PRIVATE LIMITED,544845351,2023101206544845351,Brand Owner,In Progress
2023-10-17T15:36:45,M/s   COUNTO MICROFINE PRODUCTS PRIVATE LIMITED,COUNTO MICROFINE PRODUCTS PRIVATE LIMITED,544845715,2023101706544845715,Brand Owner,In Progress
2023-10-20T12:27:29,M/s   GALCO EXTRUSIONS PRIVATE LIMITED,GALCO EXTRUSIONS PRIVATE LIMITED,544845948,2023102006544845948,Brand Owner,In Progress
2023-10-21T15:48:14,M/s   MEHTA TEA PRIVATE LIMITED,MEHTA TEA PRIVATE LIMITED,544846080,2023102106544846080,Brand Owner,In Progress
2023-10-25T11:20:01,M/s   BHARAT WIRE ROPES LIMITED,BHARAT WIRE ROPES LIMITED,544846209,2023102506544846209,Brand Owner,In Progress
2023-10-25T13:38:09,M/s   REAL DAIRY INDUSTRIES PRIVATE LIMITED,REAL DAIRY INDUSTRIES PRIVATE LIMITED,544846233,2023102506544846233,Brand Owner,In Progress
2023-10-26T11:51:08,M/s   VIVEK AGRO FOODS,Vivek Agro Foods,544846416,2023102606544846416,Brand Owner,In Progress
2023-10-27T12:54:34,M/s   SHREE KRISHNAKESHAV LABORATORIES LIMITED,SHREE KRISHNAKESHAV LABORATORIES LIMITED,544846471,2023102706544846471,Brand Owner,In Progress
2023-10-27T18:12:01,M/s   FORTUNE DAIRY INDUSTRIES PRIVATE LIMITED,FORTUNE DAIRY INDUSTRIES PRIVATE LIMITED,544846553,2023102706544846553,Brand Owner,In Progress
2023-10-30T16:49:25,M/s   GENO PHARMACEUTICALS PRIVATE LIMITED,GENO PHARMACEUTICALS PRIVATE LIMITED,544846829,2023103006544846829,Brand Owner,In Progress
2023-11-02T13:42:31,Shri MADANLAL RINKESH JARIWALA,SUNFLOWER ENTERPRISE,544847082,2023110206544847082,Brand Owner,In Progress
2023-11-04T12:13:53,M/s   INDOCO REMEDIES LIMITED,INDOCO REMEDIES LIMITED,544847261,2023110406544847261,Brand Owner,In Progress
2023-11-06T14:59:29,M/s   EMPIRE INDUSTRIES LTD,EMPIRE INDUSTRIES LIMITED,544847373,2023110606544847373,Brand Owner,In Progress
2023-11-07T15:13:01,M/s   CHEM-TREND CHEMICALS COMPANY PRIVATE LIMITED,CHEM-TREND CHEMICALS COMPANY PRIVATE LIMITED,544847482,2023110706544847482,Brand Owner,In Progress
2023-11-11T10:33:46,M/s   KINVAN PRIVATE LIMITED,KINVAN PRIVATE LIMITED,544847758,2023111106544847758,Brand Owner,In Progress
2023-11-17T10:42:53,M/s   THE INDIAN STEEL AND WIRE PRODUCTS LIMITED,THE INDIAN STEEL & WIRE PRODUCTS LTD,544847987,2023111706544847987,Brand Owner,In Progress
2023-11-29T18:40:49,M/s   JAYA INDUSTRIES PRIVATE LIMITED,JAYA INDUSTRIES PRIVATE LIMITED,544848327,2023112906544848327,Brand Owner,In Progress
2023-11-30T11:11:59,M/s   SHREE MAHAVIR METALCRAFT PRIVATE LIMITED,SHREE MAHAVIR METALCRAFT PRIVATE LIMITED,544848402,2023113006544848402,Brand Owner,In Progress
2023-11-30T12:47:25,M/s   MOHIT BAKERS PRIVATE LIMITED,MOHIT BAKERS PRIVATE LIMITED,544848458,2023113006544848458,Brand Owner,In Progress
2023-12-03T10:16:20,M/s   MISTAIR HEALTH AND HYGIENE PRIVATE LIMITED,MISTAIR HEALTH AND HYGIENE PRIVATE LIMITED,544848868,2023120306544848868,Brand Owner,In Progress
2023-12-04T09:48:01,M/s   YVES SAINT LAURENT INDIA PRIVATE LIMITED,YVES SAINT LAURENT INDIA PRIVATE LIMITED,544848884,2023120406544848884,Brand Owner,In Progress
2023-12-04T17:29:20,M/s   PARISONS FOODS PRIVATE LIMITED,PARISONS FOODS PRIVATE LIMITED,544850077,2023120406544850077,Brand Owner,In Progress
2023-12-04T17:38:13,M/s   KHEMKA FLOUR MILL PVT LTD,KHEMKA FLOUR MILLS PRIVATE LIMITED,544861477,2023120406544861477,Brand Owner,In Progress
2023-12-05T12:59:31,M/s   REGAL HEALTHCARE LIMITED,REGAL HEALTHCARE LIMITED,544849144,2023120506544849144,Brand Owner,In Progress
2023-12-06T09:54:00,"M/s   RAPTAKOS, BRETT AND COMPANY LIMITED",RAPTAKOS BRETT AND COMPANY LIMITED,544849118,2023120606544849118,Brand Owner,In Progress
2023-12-15T12:37:25,M/s   ASSOCIATED ALCOHOLS AND BREWERIES LIMITED,ASSOCIATED ALCOHOLS & BREWERIES LTD.,544849750,2023121506544849750,Brand Owner,In Progress
2023-12-15T14:27:48,M/s   ORIENT BEVERAGES LIMITED,ORIENT BEVERAGES LTD,544849762,2023121506544849762,Brand Owner,In Progress
2023-12-18T10:36:30,M/s   ESKAY IODINE PRIVATE LIMITED,ESKAY IODINE PRIVATE LIMITED,544849877,2023121806544849877,Brand Owner,In Progress
2023-12-19T12:27:25,M/s   RELIANCE POLYESTER LIMITED,RELIANCE POLYESTER LIMITED,544849982,2023121906544849982,Brand Owner,In Progress
2023-12-23T16:12:31,M/s   VVD AND SONS PRIVATE LIMITED,VVD AND SONS PRIVATE LIMITED,544850341,2023122306544850341,Brand Owner,In Progress
2023-12-27T10:59:59,M/s   VR INDUSTRIES PVT.LTD,VR INDUSTRIES PVT.LTD,544851287,2023122706544851287,Brand Owner,In Progress
2023-12-28T17:08:58,M/s   JK TALABOT LIMITED,JK TALABOT LIMITED,544850660,2023122806544850660,Brand Owner,In Progress
2024-01-02T17:56:03,M/s   PURE & SURE,Pure & Sure,544850894,2024010206544850894,Brand Owner,In Progress
2024-01-05T15:20:11,M/s   SHREE MAHUVA PRADESH SAHAKARI KHAND UDYOG MANDLI LIMITED,SHREE MAHUVA PRADESH SAHAKARI KHAND UDYOG MANDLI LIMITED,544851100,2024010506544851100,Brand Owner,In Progress
2024-01-08T12:14:05,M/s   SUSHEN MEDICAMENTOS PRIVATE LIMITED,SUSHEN MEDICAMENTOS PRIVATE LIMITED,544851241,2024010806544851241,Brand Owner,In Progress
2024-01-10T12:19:21,M/s   ALP AEROFLEX INDIA PRIVATE LIMITED,ALP AEROFLEX INDIA PRIVATE LIMITED,544851334,2024011006544851334,Brand Owner,In Progress
2024-01-13T14:49:48,M/s   SHAKTI PUMPS INDIA LIMITED,SHAKTI PUMPS (INDIA) LIMITED,544851599,2024011306544851599,Brand Owner,In Progress
2024-01-15T13:39:58,M/s   A.B. GRAIN SPIRITS PRIVATE LIMITED,A.B. GRAIN SPIRITS PRIVATE LIMITED,544851645,2024011506544851645,Brand Owner,In Progress
2024-01-18T10:55:40,M/s   BIOLOGICAL E LIMITED,BIOLOGICAL E. LIMITED,544851834,2024011806544851834,Brand Owner,In Progress
2024-01-18T12:41:26,M/s   ITT CORPORATION INDIA PRIVATE LIMITED,ITT CORPORATION INDIA PRIVATE LIMITED,544851879,2024011806544851879,Brand Owner,In Progress
2024-01-19T15:02:42,M/s   CHADHA SUGARS AND INDUSTRIES PRIVATE LIMITED,CHADHA SUGARS AND INDUSTRIES PRIVATE LIMITED(MBD),544851952,2024011906544851952,Brand Owner,In Progress
2024-01-19T16:08:30,M/s   CHADHA SUGARS AND INDUSTRIES PRIVATE LIMITED,CHADHA SUGARS AND INDUSTRIES (GBD),544851957,2024011906544851957,Brand Owner,In Progress
2024-01-22T16:28:27,M/s   GRG COTSPIN LIMITED,GRG COTSPIN LIMITED,544852092,2024012206544852092,Brand Owner,In Progress
2024-03-06T16:40:22,M/s   KHEMANI DISTILLERIES PVT LTD,KHEMANI DISTILLERIES PRIVATE LIMITED,544852477,2024030606544852477,Brand Owner,In Progress
2024-03-06T18:43:03,M/s   K C P SUGAR AND INDUSTRIES CORPORATION LIMITED,K.C.P.SUGAR AND INDUSTRIES CORPORATION LIMITED,544852509,2024030606544852509,Brand Owner,In Progress
2024-03-11T15:42:14,M/s   TEXSPIN BEARINGS LTD,TEXSPIN BEARINGS LTD,544859455,2024031106544859455,Brand Owner,In Progress
2024-03-14T08:12:57,M/s   DAIMLER INDIA COMMERCIAL VEHICLES PRIVATE LIMITED,DAIMLER INDIA COMMERCIAL VEHICLES PRIVATE LIMITED,544852979,2024031406544852979,Brand Owner,In Progress
2024-03-16T09:07:23,M/s   LABORATE PHARMACEUTICALS INDIA LIMITED,LABORATE PHARMACEUTICALS INDIA LTD,544853205,2024031606544853205,Brand Owner,In Progress
2024-04-10T15:25:34,M/s   SRI GANGANAGAR ZILA DUGDH UTPADAK SAHKARI SANGH LTD,Saras,544854413,2024041006544854413,Brand Owner,In Progress
2024-04-24T16:06:40,M/s   BARMER JILA DUGDH UTPADAK SAHKARI SANGH LIMITED,BARMER JILA DUGDH UTPADAK SAHKARI SANGH LTD,544853512,2024042406544853512,Brand Owner,In Progress
2024-04-30T12:27:16,BALAJI FORMALIN PRIVATE LIMITED,BALAJI FORMALIN PRIVATE LIMITED,544854155,2024043006544854155,Brand Owner,In Progress
2024-05-01T22:11:17,M/s   FASTENEX PRIVATE LIMITED,FASTENEX PRIVATE LIMITED,544854382,2024050106544854382,Brand Owner,In Progress
2024-05-02T12:25:59,M/s   AGRO BHARATI INDUSTRIES LLP,AGRO BHARATI INDUSTRIES LLP,544854333,2024050206544854333,Brand Owner,In Progress
2024-05-02T13:18:23,M/s   INDO COUNT INDUSTRIES LIMITED,INDO COUNT INDUSTRIES LIMITED,544854342,2024050206544854342,Brand Owner,In Progress
2024-05-03T11:16:22,M/s   PASCHIMI RAJASTHAN DUGDH UTPADAK SAHAKARI SANGH LTD,Paschimi Rajasthan Dugdh Utpadak Sahakari Sangh Ltd.,544854409,2024050306544854409,Brand Owner,In Progress
2024-05-03T11:41:14,M/s   TENNECO AUTOMOTIVE INDIA PVT LTD,TENNECO AUTOMOTIVE INDIA PRIVATE LIMITED,544854461,2024050306544854461,Brand Owner,In Progress
2024-05-03T15:59:52,M/s   TUBACEX TUBES AND PIPES PRIVATE LIMITED,TUBACEX TUBES AND PIPES PRIVATE LIMITED,544855896,2024050306544855896,Brand Owner,In Progress
2024-05-07T14:10:00,M/s   AUTOLIV INDIA PRIVATE LIMITED,AUTOLIV INDIA PRIVATE LIMITED,544854617,2024050706544854617,Brand Owner,In Progress
2024-05-09T13:47:46,M/s   TENNECO AUTOMOTIVE INDIA PVT LTD,TENNECO AUTOMOTIVE INDIA PRIVATE LIMITED,544855111,2024050906544855111,Brand Owner,In Progress
2024-05-09T16:30:23,M/s   VALSAD SAHAKARI KHAND UDYOG MANDLI LIMITED,VALSAD SAHAKARI KHAND UDYOG MANDLI LIMITED,544854743,2024050906544854743,Brand Owner,In Progress
2024-05-14T10:34:58,M/s   AMBUJA INTERMEDIATES PRIVATE LIMITED,AMBUJA INTERMEDIATES PRIVATE LIMITED,544854852,2024051406544854852,Brand Owner,In Progress
2024-05-25T16:34:39,GODAVARI KHORE NAMDEORAOJI PARJANE PATIL,GODAVARI KHORE NAMDEORAOJI PARJANE PATIL,544855116,2024052506544855116,Brand Owner,In Progress
2024-05-31T17:05:44,BURMAN HOSPITALITY PRIVATE LIMITED,BURMAN HOSPITALITY PRIVATE LIMITED,544855691,2024053106544855691,Brand Owner,In Progress
2024-05-31T19:00:40,Katkar Gunvant Shivajirao,SHRI HANUMAN SAHAKARI DUDH VYAVSAIK AND KRUSHIPURAK SEVA SANSTHA,544855456,2024053106544855456,Brand Owner,In Progress
2024-06-01T13:35:35,satiya nutraceuticals private limited,SATIYA NUTRACEUTICALS PRIVATE LIMITED,544855556,2024060106544855556,Brand Owner,In Progress
2024-06-01T14:41:04,anand cy myutec automotive private limited,ANAND CY MYUTEC AUTOMOTIVE PRIVATE LIMITED,544855574,2024060106544855574,Brand Owner,In Progress
2024-06-03T15:28:50,CONTINENTAL AUTOMOTIVE COMPONENTS (INDIA) PRIVATE LIMITED,CONTINENTAL AUTOMOTIVE COMPONENTS (INDIA) PRIVATE LIMITED,544855806,2024060306544855806,Brand Owner,In Progress
2024-06-04T10:21:10,fcc clutch india private limited,FCC CLUTCH INDIA PVT. LTD.,544856073,2024060406544856073,Brand Owner,In Progress
2024-06-04T12:46:18,DHANALAKSHMI SRINIVASAN SUGARS PRIVATE LIMITED,DHANALAKSHMI SRINIVASAN SUGARS PRIVATE LIMITED,544856133,2024060406544856133,Brand Owner,In Progress
2024-06-04T14:04:27,aaradhya packaging private limited,AARADHYA PACKAGING PRIVATE LIMITED,544856076,2024060406544856076,Brand Owner,In Progress
2024-06-05T16:40:27,MILACRON INDIA PRIVATE LIMITED,MILACRON INDIA PRIVATE LIMITED,544856219,2024060506544856219,Brand Owner,In Progress
2024-06-06T14:47:37,reliance polyester limited,RELIANCE POLYESTER LIMITED,544856342,2024060606544856342,Brand Owner,In Progress
2024-06-07T13:59:03,elgi equipments limited,ELGI EQUIPMENTS LIMITED,544856489,2024060706544856489,Brand Owner,In Progress
2024-06-07T15:21:53,universal twin labs,Universal Twin Labs,544856520,2024060706544856520,Brand Owner,In Progress
2024-06-08T15:10:22,rustoppers packtech private limited,RUSTOPPERS PACKTECH PRIVATE LIMITED,544856632,2024060806544856632,Brand Owner,In Progress
2024-06-10T17:20:17,ADOR WELDING LIMITED,"ADOR WELDING LTD.,",544857815,2024061006544857815,Brand Owner,In Progress
2024-06-12T11:21:39,bhavani industries india llp,BHAVANI INDUSTRIES INDIA LLP,544856881,2024061206544856881,Brand Owner,In Progress
2024-06-12T11:24:09,rajoo engineers limited,RAJOO ENGINEERS LIMITED,544856884,2024061206544856884,Brand Owner,In Progress
2024-06-12T15:16:44,vrishti beveragess private limited,VRISHTI BEVERAGESS PRIVATE LIMITED,544856939,2024061206544856939,Brand Owner,In Progress
2024-06-12T16:54:07,rv lifesciences ltd,RV LIFESCIENCES LIMITED,544856953,2024061206544856953,Brand Owner,In Progress
2024-06-13T16:49:11,CORE CARBONS PRIVATE LIMITED,CORE CARBONS PRIVATE LIMITED,544857056,2024061306544857056,Brand Owner,In Progress
2024-06-14T17:40:29,nobel hygiene baroda private limited,NOBEL HYGIENE BARODA PRIVATE LIMITED,544857176,2024061406544857176,Brand Owner,In Progress
2024-06-20T11:26:10,sheng long bio-tech india private limited,SHENG LONG BIO-TECH (INDIA) PRIVATE LIMITED,544857479,2024062006544857479,Brand Owner,In Progress
2024-06-22T10:52:14,the tiruthani co-op. sugar mills ltd.,TIRUTTANI CO- OPERATIVE SUGAR MILLS LIMITED,544857665,2024062206544857665,Brand Owner,In Progress
2024-06-25T09:49:50,haryana milk foods limited,HARYANA MILK FOODS LIMITED,544857807,2024062506544857807,Brand Owner,In Progress
2024-06-25T17:00:04,kalyani powertrain limited,KALYANI POWERTRAIN LIMITED,544857863,2024062506544857863,Brand Owner,In Progress
2024-06-26T15:49:24,ads agro industries private limited,ADS AGRO INDUSTRIES PRIVATE LIMITED,544857936,2024062606544857936,Brand Owner,In Progress
2024-06-28T18:40:06,dyson technology india private limited,DYSON TECHNOLOGY INDIA PRIVATE LIMITED,544858115,2024062806544858115,Brand Owner,In Progress
2024-07-01T16:01:41,speciality organics p ltd,SPECIALITY ORGANICS PVT LTD,544859648,2024070106544859648,Brand Owner,In Progress
2024-07-01T16:07:17,tristar intermediates private limited,TRISTAR INTERMEDIATES PRIVATE LIMITED,544858410,2024070106544858410,Brand Owner,In Progress
2024-07-04T12:14:54,nilanchal packaging private limited,NILANCHAL PACKAGING PRIVATE LIMTED,544858531,2024070406544858531,Brand Owner,In Progress
2024-07-06T11:32:44,smith katiyar,KATIYAR POLYMERS,544858704,2024070606544858704,Brand Owner,In Progress
2024-07-09T12:22:13,ajay industrial corporation limited,AJAY INDUSTRIAL CORPORATION LIMITED.,544858932,2024070906544858932,Brand Owner,In Progress
2024-07-10T12:56:34,nupa technologies private limited,NUPA TECHNOLOGIES PRIVATE LIMITED,544858930,2024071006544858930,Brand Owner,In Progress
2024-07-10T17:09:12,imerys vizag private limited,IMERYS VIZAG PRIVATE LIMITED,544858991,2024071006544858991,Brand Owner,In Progress
2024-07-11T13:46:21,motul india private limited,MOTUL INDIA PRIVATE LIMITED,544859005,2024071106544859005,Brand Owner,In Progress
2024-07-12T10:12:02,vidres india ceramics private limited,VIDRES INDIA CERAMICS PRIVATE LIMITED,544859072,2024071206544859072,Brand Owner,In Progress
2024-07-15T14:30:02,ken lifestyles private limited,KEN LIFESTYLES PRIVATE LIMITED,544859277,2024071506544859277,Brand Owner,In Progress
2024-07-16T16:35:02,britannia bel foods private limited,BRITANNIA BEL FOODS PRIVATE LIMITED,544859358,2024071606544859358,Brand Owner,In Progress
2024-07-19T12:27:35,zywie ventures private limited,ZYWIE VENTURES PRIVATE LIMITED,544859486,2024071906544859486,Brand Owner,In Progress
2024-07-20T11:25:14,tanvi fitness private limited,TANVI FITNESS PRIVATE LIMITED,544859522,2024072006544859522,Brand Owner,In Progress
2024-07-20T15:05:43,lewens labs private limited,LEWENS LABS PRIVATE LIMITED,544859560,2024072006544859560,Brand Owner,In Progress
2024-07-22T12:23:33,shree gowthamee rice industries private limited,SHREE GOWTHAMEE RICE INDUSTRIES PRIVATE LIMITED,544859587,2024072206544859587,Brand Owner,In Progress
2024-07-22T15:23:44,hester biosciences limited,HESTER BIOSCIENCES LIMITED,544861680,2024072206544861680,Brand Owner,In Progress
2024-07-22T16:55:50,tilaknagar industries limited,TILAKNAGAR INDUSTRIES LIMITED,544859623,2024072206544859623,Brand Owner,In Progress
2024-07-26T16:19:56,quebec petroleum resources limited,QUEBEC PETROLEUM RESOURCES LIMITED,544859993,2024072606544859993,Brand Owner,In Progress
2024-07-26T18:40:15,triveni turbine limited,TRIVENI TURBINE LIMITED,544862354,2024072606544862354,Brand Owner,In Progress
2024-07-27T16:47:30,kbz food india private limited,KBZ FOOD INDIA PRIVATE LIMITED,544859938,2024072706544859938,Brand Owner,In Progress
2024-07-31T12:59:42,cg power and industrial solutions limited,CG POWER AND INDUSTRIAL SOLUTIONS LIMITED,544860115,2024073106544860115,Brand Owner,In Progress
2024-08-01T17:45:14,aishwarya health care,AISHWARYA HEALTH CARE,544860211,2024080106544860211,Brand Owner,In Progress
2024-08-03T08:11:45,zi foods,ZI FOODS,544860271,2024080306544860271,Brand Owner,In Progress
2024-08-05T11:48:20,hemani industries limited,HEMANI INDUSTRIES LIMITED,544860342,2024080506544860342,Brand Owner,In Progress
2024-08-06T13:16:33,dowells cable accessories private limited,DOWELLS CABLE ACCESSORIES PRIVATE LIMITED,544860424,2024080606544860424,Brand Owner,In Progress
2024-08-07T11:53:58,dharmesh food process private limited,DHARMESH FOOD PROCESS PRIVATE LIMITED,544860467,2024080706544860467,Brand Owner,In Progress
2024-08-09T16:14:42,elite tasty toast private limited,ELITE TASTY TOAST PRIVATE LIMITED,544860609,2024080906544860609,Brand Owner,In Progress
2024-08-10T12:24:45,lakshmi ring travellers (coimbatore) private limited,LAKSHMI RING TRAVELLERS (COIMBATORE) PRIVATE LIMITED,544860637,2024081006544860637,Brand Owner,In Progress
2024-08-12T11:21:49,mangalam drugs and organics limited,MANGALAM DRUGS AND ORGANICS LIMITED,544860680,2024081206544860680,Brand Owner,In Progress
2024-08-14T16:10:21,kunal mehra,RELIABLE ENGINEERING PLASTICS,544860830,2024081406544860830,Brand Owner,In Progress
2024-08-14T18:09:05,s.g. edible oils (india) private limited,S. G. EDIBLE OILS (INDIA) PRIVATE LIMITED,544861007,2024081406544861007,Brand Owner,In Progress
2024-08-17T18:52:14,isthmus industries private limited,ISTHMUS INDUSTRIES PRIVATE LIMITED,544860947,2024081706544860947,Brand Owner,In Progress
2024-08-21T13:36:08,the kurukshetra and karnal co operative milk producers union limited,The Kurukshetra and Karnal Co Operative Milk Producers Union Limited,544861880,2024082106544861880,Brand Owner,In Progress
2024-08-21T15:16:46,daimler india commercial vehicles private limited,DAIMLER INDIA COMMERCIAL VEHICLES PRIVATE LIMITED,544861090,2024082106544861090,Brand Owner,In Progress
2024-08-22T20:58:42,vr agro processors llp,V R AGRO PROCESSORS LLP,544861123,2024082206544861123,Brand Owner,In Progress
2024-08-23T15:09:43,italmatch chemicals india private limited,ITALMATCH CHEMICALS INDIA PRIVATE LIMITED,544861152,2024082306544861152,Brand Owner,In Progress
2024-08-23T15:28:25,kurlon enterprise limited,KURLON ENTERPRISE LIMITED,544861275,2024082306544861275,Brand Owner,In Progress
2024-08-23T19:52:52,the central arecanut & cocoa marketing and processing co-operative limited,CAMPCO CHOCOLATE FACTORY,544861178,2024082306544861178,Brand Owner,In Progress
2024-08-23T23:58:56,marya frozen agro food products private limited,MARYA FROZEN AGRO FOOD PRODUCTS PRIVATE LIMITED,544861206,2024082306544861206,Brand Owner,In Progress
2024-08-24T15:13:49,pali zila dugdh utpadak sahakari sangh ltd pali,Pali Zila Dugdh Utpadak Sahakari Sangh Limited,544861214,2024082406544861214,Brand Owner,In Progress
2024-08-24T16:06:31,k m product,k m product,544861216,2024082406544861216,Brand Owner,In Progress
2024-08-26T11:48:05,pampar ovenfresh foods private limited,PAMPAR OVENFRESH FOODS PRIVATE LIMITED,544861240,2024082606544861240,Brand Owner,In Progress
2024-08-27T17:15:38,lupin manufacturing solutions limited,LUPIN MANUFACTURING SOLUTIONS LIMITED,544861318,2024082706544861318,Brand Owner,In Progress
2024-08-31T21:48:16,rehber food industries private limited,REHBER FOOD INDUSTRIES PRIVATE LIMITED,544861530,2024083106544861530,Brand Owner,In Progress
2024-09-02T10:58:31,tabp snacks and beverages private limited,TABP SNACKS AND BEVERAGES PRIVATE LIMITED,544861538,2024090206544861538,Brand Owner,In Progress
2024-09-03T18:04:49,gypmart india private limited,GYPMART INDIA PRIVATE LIMITED,544861660,2024090306544861660,Brand Owner,In Progress
2024-09-03T18:36:01,dura-line india private limited,DURA-LINE INDIA PRIVATE LIMITED,544861698,2024090306544861698,Brand Owner,In Progress
2024-09-05T12:33:54,atlantis tobacco private limited,ATLANTIS TOBACCO PRIVATE LIMITED,544862270,2024090506544862270,Brand Owner,In Progress
2024-09-05T16:05:48,ozone pharmaceuticals limited,OZONE PHARMACEUTICALS LIMITED,544861751,2024090506544861751,Brand Owner,In Progress
2024-09-11T15:15:53,chhattisgarh rajya sahakari dugdh mahasangh maryadit,Chhattisgarh Rajya Sahkari Dugdh Mahasangh,544861867,2024091106544861867,Brand Owner,In Progress
2024-09-11T15:54:58,reliance consumer products limited,reliance consumer products limited,544861868,2024091106544861868,Brand Owner,In Progress
2024-09-16T23:02:45,amir chand jagdish kumar (exports) limited,Amir chand jagdish kumar exports ltd,544861974,2024091606544861974,Brand Owner,In Progress
2024-09-18T13:43:13,international cars and motors limited,SONALIKA INDUSTRIES A UNIT OF INTERNATIONAL CARS,544862003,2024091806544862003,Brand Owner,In Progress
2024-09-19T18:49:02,alliaance biotech,ALLIAANCE BIOTECH,544862058,2024091906544862058,Brand Owner,In Progress
2024-09-21T12:17:44,jp drums private limited,JP DRUMS PRIVATE LIMITED,544862083,2024092106544862083,Brand Owner,In Progress
2024-09-21T13:13:35,shree dhanwantri herbals,SHREE DHANWANTRI HERBALS,544862118,2024092106544862118,Brand Owner,In Progress
2024-09-21T17:05:04,right industries,RIGHT INDUSTRIES,544862105,2024092106544862105,Brand Owner,In Progress
2024-09-23T16:20:06,amar parmanand khatri,AMAR DAIRY,544862146,2024092306544862146,Brand Owner,In Progress
2024-09-25T15:31:16,the tata pigments ltd,THE TATA PIGMENTS LTD,544862217,2024092506544862217,Brand Owner,In Progress
2024-09-28T20:41:34,parveen shanker,OMSONS WORLD,544862258,2024092806544862258,Brand Owner,In Progress
2024-10-04T12:31:55,hytech seed india private limited,M/S HYTECH SEED INDIA PRIVATE LIMITED,544862443,2024100406544862443,Brand Owner,In Progress
2024-10-05T16:11:46,ladakh ut dairy co-operative federation limited,Ladakh Oma,544862429,2024100506544862429,Brand Owner,In Progress
2024-10-07T16:13:29,quality needles private limited,quality needles private limited,544862464,2024100706544862464,Brand Owner,In Progress
2024-10-11T11:43:23,gangol sahkari dugdh utpadak sangh limited,M/S GANGOL SAHAKARI DUGDH UTPADAK SANGH LTD,544862560,2024101106544862560,Brand Owner,In Progress
2024-10-21T17:32:01,jbm green energy systems private limited,JBM GREEN ENERGY SYSTEMS PRIVATE LIMITED,544862785,2024102106544862785,Brand Owner,In Progress
2024-10-23T22:28:01,mintree premier lifestyle & beauty private limited,MINTREE PREMIER LIFESTYLE & BEAUTY PRIVATE LIMITED,544862849,2024102306544862849,Brand Owner,In Progress
2024-10-24T11:29:33,ruchi organics limited,RUCHI ORGANICS LIMITED,544863034,2024102406544863034,Brand Owner,In Progress
2024-10-24T11:49:23,fineotex chemical limited,FINEOTEX CHEMICAL LIMITED,544862960,2024102406544862960,Brand Owner,In Progress
2024-10-24T12:24:28,rk agri biz llp,R K AGRIBIZ LLP,544862967,2024102406544862967,Brand Owner,In Progress
2024-10-24T12:39:17,manish verma,PRINT WAYS,544862885,2024102406544862885,Brand Owner,In Progress
2024-10-24T13:58:05,colortone textiles private limited,COLORTONE TEXTILES PRIVATE LIMITED,544863003,2024102406544863003,Brand Owner,In Progress
2024-10-25T13:11:11,roxyroller flour mills (bengaluru) private limited,ROXYROLLER FLOUR MILLS (BENGALURU) PRIVATE LIMITED,544863181,2024102506544863181,Brand Owner,In Progress
2024-10-28T12:58:56,pengg usha martin wires private limited,PENGG USHA MARTIN WIRES PRIVATE LIMITED,544863228,2024102806544863228,Brand Owner,In Progress
2024-10-28T17:27:08,sapco  bitumen company limited,SAPCO BITUMEN COMPANY LIMITED,544863244,2024102806544863244,Brand Owner,In Progress
2024-10-30T11:32:35,dolphin foods india limited,DOLPHIN FOODS INDIA LIMITED,544863358,2024103006544863358,Brand Owner,In Progress
